subj,participant_id,age,sex
1,5b6645f2f7798c000182baa3,22,Male
2,5e84590ec0307a017c80955c,19,Female
3,5f087d17b794b9092316d3c5,29,Female
4,60cc889d5bbfb9535a13f18f,20,Male
5,60db38b032d295cd2706b062,19,Male
6,60dc9d77f88945d66d46966c,30,Male
7,60de411300311176dc590a34,35,Male
8,60df70cfbd2c721f8423eca2,35,Female
9,60e0abb943a147036ebd27f8,35,Male
10,604c474f2d9f716a22aec213,21,Male
11,59e75bef3e4b5a00016aa4e3,25,Female
12,5a575b43f6c517000194d1ce,34,Male
13,5bbb133301985a00011d447c,30,Male
14,5bc74835394f390001e0bc65,35,Female
15,5c07b16bfd9c08000170882a,29,Male
16,5c0a9c0c8a44f900012a79e0,25,Female
17,5c725b606908be0001b47b14,47,Female
18,5c9cd29f8058d10001ca7a96,22,Male
19,5cc4ba84ef83da0016cffaa9,40,Male
20,5ccff7a28c978d00177c5a71,36,Female
21,5cd917042f7e1100016958eb,29,Female
22,5cf5475052e49400153b3c5d,29,Female
23,5cfa36435c147c0019d33963,23,Male
24,5d0e3b9955790000010eb51c,25,Female
25,5d25fd6e062efa0001833f04,29,Male
26,5d610f5bc3a4da001a53c765,24,Female
27,5dc86c79c9ba4f5e000fe4e8,23,Female
28,5ddd2275946f7cc8b0efb547,22,Female
29,5de78fbbd7b2a0000bc2df59,37,Male
30,5e24d49952f901000a52bc89,21,Female
31,5e3724cda502c86bf798b15f,19,Male
32,5e45bed76c37fb07c785c9dc,21,Female
33,5e7a73ad09f66f061615b774,44,Female
34,5e976a28fb7a1621e16c8fb0,27,Female
35,5e9b1b0dd5b083016a3e8831,24,Male
36,5ea05d6aad03390192441da5,35,Female
37,5ebabc48352260024c1d65fb,23,Male
38,5ec24766fd704d00089a80af,24,Male
39,5ed204adcaba6a16440f0efb,36,Male
40,5ed254af3d02521b48a220d5,19,Male
41,5edcf2d14d83b0068dca3311,26,Female
42,5ee4bdab7f305f01c9ec0eb7,19,Male
43,5ee4da4ac682de1e550c3f46,25,Male
44,5ee93308091bd42bbf3b215a,19,Female
45,5ef815e7dff5d4569462097c,19,Male
46,5efdbee7a4894e2290968531,22,Male
47,5f1c55c8ea92af4d99d03137,38,Male
48,5f25540e7f64f00dd19e5452,22,Female
49,5f29726ee932c60586e9cea3,19,Male
50,5f297ce98993020866ce4d16,19,Male
51,5f29e6208f02cc1928e36c99,24,Female
52,5f3644d67104760d86626260,30,Female
53,5f3d7521432eaa136ab11d3e,20,Male
54,5f4e922b551b160a0bc4d7ce,19,Female
55,5f5176476494183c40718758,21,Male
56,5f6f5427a809f44b50e3d911,23,Male
57,5f7888773074f6426b1bd638,26,Male
58,5f7b2ba3700c320760772a8e,23,Male
59,5f7c2d747d354d000ae448fd,25,Female
60,5fad06a3bbe5843645246a1d,20,Male
61,5fae9ec53e25ee06dac48e01,25,Male
62,5fb7c5d4b92d683a2d367e6c,21,Female
63,5fbbc75f884010d82bf37532,24,Male
64,5fbbf3f438be4c025df6cdd4,28,Male
65,5fc7de54a68dc30770dad8c4,38,Male
66,5fce5b15736e0a02c15f340e,19,Male
67,6015c9faea3f2370ec2e3612,24,Male
68,6017cef9270fe9a41c6225cd,25,Female
69,601aa0b567409b2966e096f7,32,Female
70,601ae17733bf993ce4b27ecf,23,Female
71,602d90945f75b880bce87353,24,Male
72,602e16ab9070c18f63bc078c,38,Female
73,602fd43a4bcf02d4aac8ef3c,22,Female
74,603644af6a2455393cbb2063,32,Female
75,603676f9cebe7e6cbf92af04,24,Male
76,6036b303c9b72d01f7d46a5f,26,Male
77,6038e63a1713653046ef7482,37,Female
78,603d8b63e6e991ce49b6eaf4,30,Female
79,6048e2f185b7e35621d30427,22,Male
80,604f621ad876bbfb0d9212cf,28,Male
81,6050e0236d725096c9ae2131,20,Female
82,6053b164bf23cc16b5d135d1,26,Male
83,60588590bc221cfbb0975e31,21,Male
84,60657335c3bd41f3fa18d2c4,20,Female
85,6069c16fc6030d6779fa82db,37,Male
86,6077137196d2801f2735520a,23,Female
87,60852b725e29144f217e58ef,44,Female
88,6086990169d586bc08581289,27,Male
89,609008fae4cb560eb236d63d,20,Male
90,6097ab517bee01c7afe1821d,34,Male
91,60990b19df9566b074cc2194,23,Male
92,60a254937eb260fe8983467b,23,Male
93,60a97341861238ce108f9f50,21,Female
94,60b909a72bf7263aeb755c53,30,Female
95,60bd8246e5b730404062e503,21,Female
96,60c7375cba154e330acc1f70,21,Female
97,60c7bb0505443a8f17b43267,45,Female
98,60c7ee34665af0607a38984f,19,Male
99,60cb4f111e27b7ab3656e188,49,Female
100,60cbad362f8f433331789a31,20,Male
101,60cc4cbfd6bdf9ee88cdd2f6,27,Male
102,60cccc13043045c945c7e957,27,Female
103,60cd175c6f086ebabf2cce53,22,Male
104,60cf195d9bac5c0dfc0e97be,33,Male
105,60cf544a4da28008dc67932e,39,Male
106,60cf6b20af06cd949e8c97b5,35,Male
107,60cf743b0c9afffc89a3a127,32,Female
108,60cf8d5056ec823b79801550,20,Male
109,60d0851fab1988d341287228,19,Male
110,60d19969175b0305882324d6,29,Female
111,60d47f695358ef37b61a3525,24,Female
112,60d48fee37670a4351519631,28,Male
113,60d5fe693918eb34a8876e58,19,Male
114,60d9ef05640511d18d2bc666,40,Male
115,60d9fe0dd8f87e8c9b63c142,24,Male
116,60dada7a67d0e10df72f7992,38,Male
117,60dc48733bdfe5a5ff36b4e5,30,Female
118,60dc664ea12f7f477dbc4d9d,29,Female
119,60dcc3bf92abfcfae2fd850b,19,Male
120,60dd825e191adcfee15681a1,27,Male
121,60ddb68a885241371a9d3736,22,Female
122,60ddbbeefb09bdb99ca72126,22,Female
123,60defabdf490ad9c3742fd14,37,DATA EXPIRED
124,60df0768b4b2fa71f584a127,45,Female
125,60df471f44d5ba96274033c4,25,Female
126,60df6b8af5de485afdd3a255,25,Female
127,60e03928f1d8f9c527cf9fc8,21,Female
128,60e0554d4957b9114f11dd9b,18,Male
129,60e08704a4ee75a952deffd7,26,Male
130,60e0a24222956e49426c7aae,19,Male
131,60e0cf237e07c531931c5ea7,23,Female
132,60e1fee49f3d0b3abcfd6c77,28,Male
133,60e22c6b60017f2ed4f7f4c3,32,Male
134,60e2eb76ad1d5ee0e515a7bb,21,Female
135,60e32ebd27fed2beae7d212e,43,Male
136,60e330d2e61741d6bd70cabb,36,Female
137,60e362be0c33ba8028e07118,30,Female
138,60e371e5baa9c842e57d9a1c,41,Female
139,60e39986cde70716e5aaeb9e,23,Male
140,60e3b18d3d4205b4c52ada56,22,Female
141,60e42918295fa7e2370827a4,19,Female
142,60e42ac5a4c27708a68f95ec,19,Male
143,60e42ec9c8349a6ad4f10f7e,24,Female
144,60e447263a1203778f56bedb,38,Female
145,60e44e23facb93f7970b2df0,21,Male
146,60e4548832be4b498b721164,26,Female
147,60e47200db52661ce9f31d76,24,Female
148,60e48386f925d7ee45943bdf,37,Female
149,60e4b39e69000e8414132c1b,18,Male
150,60e5cd4e3d91b6025c62b9fe,30,Male
151,60e5d63d35be702ba63b4599,21,Female
152,60e5e75fbf375e8845d618f6,45,Male
153,60e5ef47fd5ad714b0194e0b,25,Female
154,60e614d41c1ed30e69893577,19,Male
155,60e61e5a8eb3e8b8b6564460,39,Male
156,60e62268bdbd0e1096d4aafe,27,Female
157,60e6c1c2cb1df664e17371f4,26,Male
158,60e6e0951dbdbc8fd1f17e1e,38,Male
159,60e6e29e480a6e10777ecc64,40,Male
160,60e7218db2691424068d718c,28,Female
161,60e72879166656b7391b2eb2,24,Female
162,60e75ab5eac5ff3e5304eba8,18,Male
163,60e798b358028f19d6b48038,20,Female
164,60e7bd8127cc8dec5aa7491a,24,Male
165,60e81dd6d278c77cd2f3b533,46,Female
166,60e84586e2a75fa8e545eb0c,18,Female
167,60e858204e148e07ef3ef257,24,Female
168,60e86df3cfb8c543b2faf349,21,Female
169,60e886a9c730f577ba91a93e,20,Male
170,60e89c6c17a5bdbd5d24209e,24,Male
171,60e8c76589638a83c9effcce,27,Male
172,60e956a97ada91f53ea4b055,31,Male
173,60e97352d9f13859156797f9,31,Female
174,60e99aa8cc69fc249abf3b31,29,Male
